﻿<?xml version="1.0" encoding="UTF-8" standalone="yes"?>
<addon id="plugin.video.metallic" name="Metallic" version="1.4" provider-name="vitorp07, OpenELEQ, Midraal, MetaTeam">
	<requires>
		<import addon="xbmc.python" version="2.19.0"/>
		<import addon="script.module.requests" version="2.9.1"/>
		<import addon="script.module.futures" version="2.2.0"/>
	</requires>
	<extension point="xbmc.python.pluginsource" library="default.py">
		<provides>executable</provides>
	</extension>
	<extension point="xbmc.service" library="service.py" start="[login|startup]">
	</extension>
	<extension point="kodi.context.item" library="context_toggle.py">
		<provides>executable</provides>	
			<item>
				<label>Preferred toggle</label>
				<visible>!System.HasAddon(context.metallic) + !Skin.HasSetting(Toggling)</visible>
			</item>
	</extension>
	<extension point="kodi.context.item" library="context_movie.py">
		<provides>executable</provides>	
			<item>
				<label>$ADDON[plugin.video.metallic 30602]</label>
				<visible>StringCompare(ListItem.dbtype,movie) + SubString(ListItem.Path, plugin.video.metallic)</visible>
			</item>
	</extension>
	<extension point="kodi.context.item" library="context_tvshow.py">
		<provides>executable</provides>	
			<item>
				<label>$ADDON[plugin.video.metallic 30602]</label>
				<visible>StringCompare(ListItem.dbtype,tvshow) + SubString(ListItem.Path, plugin.video.metallic)</visible>
			</item>
	</extension>
	<extension point="kodi.context.item" library="context_live.py">
		<provides>executable</provides>	
			<item>
				<label>$ADDON[plugin.video.metallic 30602]</label>
				<visible>[SubString(ListItem.FileNameAndPath, plugin.video.metallic\\Live) | SubString(ListItem.FileNameAndPath, plugin.video.metallic/Live)]</visible>
			</item>
	</extension>
	<extension point="kodi.context.item" library="context_playable.py">
		<provides>executable</provides>	
			<item>
				<label>$ADDON[plugin.video.metallic 30622]</label>
				<visible>!System.HasAddon(context.metallic) + !Skin.HasSetting(Contexting)</visible>
			</item>
	</extension>
	<extension point="xbmc.addon.metadata">
		<platform>all</platform>
		<summary lang="en">TMDb, TVDb, Trakt, AudioDb and LastFM browser</summary>
		<description lang="en">Browse The MovieDb, The TVDb, Trakt, The AudioDb and LastFM and pass info along to library or an addon. Needs player-files and the appropriate addon to play the files.</description>
		<supportedcontent>
			<content>movies</content>
			<content>tvshows</content>
			<content>episodes</content>
			<content>musicvideos</content>
			<content>music</content>
			<content>livetv</content>
		</supportedcontent>
	</extension>
</addon>