<?xml version="1.0" encoding="UTF-8" standalone="yes"?>
<addon id="plugin.audio.tuneinradio" name="TuneIn Radio" version="3.0.3" provider-name="vitorp07, brianhornsby">
	<requires>
		<import addon="xbmc.python" version="2.1.0"/>
		<import addon="script.module.simplejson" version="2.0.10"/>
	</requires>
	<extension point="xbmc.python.pluginsource" library="default.py">
		<provides>audio</provides>
	</extension>
	<extension point="xbmc.addon.metadata">
		<platform>all</platform>
		<summary lang="en">TuneIn Radio</summary>
		<description lang="en">TuneIn Radio is a free service that lets you listen to anything in the world from wherever you are. Whether you want to hear music, sports, news or current events. TuneIn Radio offers over 50,000 stations for you to choose from. From finding local stations to discovering new stations from around the world, TuneIn Radio brings you to where you want to be.</description>
	</extension>
</addon>