<?xml version="1.0" encoding="UTF-8"?>
<addon id="visualization.projectm" version="2.0.0.0" name="projectM" provider-name="Team XBMC">
  <extension point="xbmc.player.musicviz" library_linux="visualization.projectm.so">
    <settings>
      <userdirs>
        <userdir path="special://profile/addon_data/visualization.projectm"/>
      </userdirs>
    </settings>
  </extension>
  <extension point="xbmc.addon.metadata">
    <summary lang="en">projectM takes you flying through the soundwaves you're hearing</summary>
    <summary lang="en_AU">projectM takes you flying through the soundwaves you're hearing</summary>
    <summary lang="en_NZ">projectM takes you flying through the soundwaves you're hearing</summary>
    <summary lang="en_US">projectM takes you flying through the soundwaves you're hearing</summary>
    <description lang="en">projectM is an awesome music visualiser. There is nothing better in the world of Unix. projectM's greatness comes from the hard work of the community. Users like you can create presets that connect music with incredible visuals. Try it!
projectM Visualisation is an LGPL'ed reimplementation of Milkdrop under OpenGL
All projectM requires is a video card with 3D acceleration and your favourite music.</description>
    <description lang="en_AU">projectM is an awesome music visualiser. There is nothing better in the world of Unix. projectM's greatness comes from the hard work of the community. Users like you can create presets that connect music with incredible visuals. Try it!
projectM Visualisation is an LGPL'ed reimplementation of Milkdrop under OpenGL
All projectM requires is a video card with 3D acceleration and your favourite music.</description>
    <description lang="en_NZ">projectM is an awesome music visualiser. There is nothing better in the world of Unix. projectM's greatness comes from the hard work of the community. Users like you can create presets that connect music with incredible visuals. Try it!
projectM Visualisation is an LGPL'ed reimplementation of Milkdrop under OpenGL
All projectM requires is a video card with 3D acceleration and your favourite music.</description>
    <description lang="en_US">projectM is an awesome music visualizer. There is nothing better in the world of Unix. projectM's greatness comes from the hard work of the community. Users like you can create presets that connect music with incredible visuals. Try it!
projectM Visualization is an LGPL'ed reimplementation of Milkdrop under OpenGL
All projectM requires is a video card with 3D acceleration and your favorite music.</description>
    <platform>linux</platform>
  </extension>
</addon>
