<?xml version="1.0" encoding="UTF-8"?>
<addon id="visualization.projectm" version="2.0.0.0" name="projectM" provider-name="vitorp07, Team XBMC">
	<extension point="xbmc.player.musicviz" library_linux="visualization.projectm.so">
		<settings>
			<userdirs>
				<userdir path="special://profile/addon_data/visualization.projectm"/>
			</userdirs>
		</settings>
	</extension>
	<extension point="xbmc.addon.metadata">
		<summary lang="en">projectM takes you flying through the soundwaves you're hearing</summary>
		<description lang="en">projectM Visualisation is an LGPL'ed reimplementation of Milkdrop under OpenGL</description>
		<platform>linux</platform>
	</extension>
</addon>