<?xml version="1.0" encoding="UTF-8"?>
<addon id="visualization.waveform" version="2.0.0.0" name="Waveform" provider-name="vitorp07, MrC">
	<extension point="xbmc.player.musicviz" library_linux="visualization.waveform.so"/>
	<extension point="xbmc.addon.metadata">
		<platform>linux</platform>
		<summary>Visualisation showing 2 Waveform Graphs on the screen</summary>
		<description>Waveform is a simple Visualisation showing 2 Waveform Graphs on the screen that move to the beat of the music</description>
	</extension>
</addon>