<?xml version="1.0" encoding="UTF-8"?>
<addon id="visualization.waveform" version="2.0.0.0" name="Waveform" provider-name="vitorp07, MrC">
  <extension point="xbmc.player.musicviz" library_linux="visualization.waveform.so"/>
  <extension point="xbmc.addon.metadata">
    <summary lang="en">Visualisation showing 2 Waveform Graphs on the screen</summary>
    <summary lang="en_AU">Visualisation showing 2 Waveform Graphs on the screen</summary>
    <summary lang="en_NZ">Visualisation showing 2 Waveform Graphs on the screen</summary>
    <summary lang="en_US">Visualization showing 2 Waveform Graphs on the screen</summary>
    <description lang="en">Waveform is a simple Visualisation showing 2 Waveform Graphs on the screen, One each for Left and Right channels that move to the beat of the music</description>
    <description lang="en_AU">Waveform is a simple Visualisation showing 2 Waveform Graphs on the screen, one each for Left and Right channels that move to the beat of the music</description>
    <description lang="en_NZ">Waveform is a simple Visualisation showing 2 Waveform Graphs on the screen, One each for Left and Right channels that move to the beat of the music</description>
    <description lang="en_US">Waveform is a simple Visualization showing 2 Waveform Graphs on the screen, One each for Left and Right channels that move to the beat of the music</description>
    <platform>linux</platform>
  </extension>
</addon>