﻿<?xml version="1.0" encoding="UTF-8"?>
<addon id="screensaver.rsxs.solarwinds" version="2.0.0.0" name="Solarwinds" provider-name="vitorp07, mogumbo, Team XBMC">
  <requires>
    <c-pluff version="0.1"/>
  </requires>
  <extension point="xbmc.ui.screensaver" library_linux="screensaver.rsxs.solarwinds.so"/>
  <extension point="xbmc.addon.metadata">
    <summary lang="en">A mesmerising particle effects screensaver</summary>
    <summary lang="en_AU">A mesmerising particle effects screensaver</summary>
    <summary lang="en_NZ">A mesmerising particle effects screensaver</summary>
    <summary lang="en_US">A mesmerizing particle effects screensaver</summary>
    <description lang="en">This is a very mesmerising particle effects screensaver. You'll find that you can achieve an amazing number of different patterns.</description>
    <description lang="en_AU">This is a very mesmerising particle effects screensaver. You'll find that you can achieve an amazing number of different patterns.</description>
    <description lang="en_NZ">This is a very mesmerising particle effects screensaver. You'll find that you can achieve an amazing number of different patterns.</description>
    <description lang="en_US">This is a very mesmerizing particle effects screensaver. You'll find that you can achieve an amazing number of different patterns.</description>
    <platform>linux</platform>
  </extension>
</addon>