﻿<?xml version="1.0" encoding="UTF-8"?>
<addon id="screensaver.rsxs.solarwinds" version="2.0.0.0" name="Solarwinds" provider-name="vitorp07, mogumbo, Team XBMC">
	<requires>
		<c-pluff version="0.1"/>
	</requires>
	<extension point="xbmc.ui.screensaver" library_linux="screensaver.rsxs.solarwinds.so"/>
	<extension point="xbmc.addon.metadata">
		<platform>linux</platform>
		<summary>A mesmerising particle effects screensaver</summary>
		<description>This is a very mesmerising particle effects screensaver. You'll find that you can achieve an amazing number of different patterns</description>
	</extension>
</addon>