<?xml version="1.0" encoding="UTF-8" standalone="yes"?>
<addon id="service.3denabler.samsungtv" name="3D Enabler" version="1.2" provider-name="vitorp07, Pavel Kuzub">
	<requires>
		<import addon="xbmc.python" version="2.25.0"/>
	</requires>
	<extension point="xbmc.service" library="service.py" start="login"/>
	<extension point="xbmc.python.script" library="script.py"/>
	<extension point="xbmc.addon.metadata">
		<platform>all</platform>
		<summary>Switch compatible Samsung TV into 3D mode when playing 3D movie</summary>
		<description>When a 3D movie is started - the compatible Samsung 3DTV that is connected to the same network will switch to respective 3D mode automatically</description>
	</extension>
</addon>