<?xml version="1.0" encoding="UTF-8" standalone="yes"?>
<addon id="script.nvcontrolpanel.launcher" name="NVIDIA Control Panel Launcher" version="1.1" provider-name="vitorp07">
	<requires>
		<import addon="xbmc.python" version="2.19.0"/>
	</requires>
	<extension point="xbmc.python.script" library="default.py">
		<provides>executable</provides>
	</extension>
	<extension point="xbmc.addon.metadata">
		<summary lang="en">Launches the NVIDIA Control Panel from within Kodi.</summary>
		<description lang="en">This addon will close Kodi, launch the NVIDIA Control Panel and restart Kodi when the NVIDIA Control Panel is closed.</description>
		<platform>windx</platform>
		<language>en</language>
		<assets>
			<icon>resources/icon.png</icon>
			<fanart>resources/fanart.jpg</fanart>
			<screenshot>resources/screenshot-01.jpg</screenshot>
			<screenshot>resources/screenshot-02.jpg</screenshot>
			<screenshot>resources/screenshot-03.jpg</screenshot>
		</assets>		
	</extension>
</addon>