<?xml version="1.0" encoding="UTF-8" standalone="yes"?>
<addon id="script.explorer.launcher" name="Windows Explorer" version="1.0" provider-name="vitorp07">
	<requires>
		<import addon="xbmc.python" version="2.19.0"/>
	</requires>
	<extension point="xbmc.python.script" library="default.py">
		<provides>executable</provides>
	</extension>
	<extension point="xbmc.addon.metadata">
		<summary lang="en">Launches Windows Explorer from within Kodi.</summary>
		<description lang="en">This addon will exit Kodi and launch Windows Explorer.</description>
		<platform>windx</platform>
		<language>en</language>
	</extension>
</addon>
