<?xml version="1.0" encoding="UTF-8" standalone="yes"?>
<addon id="context.extendedinfo.dialog" name="ExtendedInfo - Open dialog" version="1.2" provider-name="vitorp07, phil65">
	<requires>
		<import addon="xbmc.python" version="2.25.0"/>
		<import addon="script.extendedinfo" version="6.0.2"/>
	</requires>
	<extension point="kodi.context.item">
		<menu id="kodi.core.main">
			<item library="addon.py">
				<label>32000</label>
				<visible>String.IsEqual(ListItem.dbtype,movie) | String.IsEqual(ListItem.dbtype,tvshow) | String.IsEqual(ListItem.dbtype,season) | String.IsEqual(ListItem.dbtype,actor) | String.IsEqual(ListItem.dbtype,director)</visible>
			</item>
		</menu>
	</extension>
	<extension point="kodi.addon.metadata">
		<platform>all</platform>
		<summary lang="en">Open ExtendedInfo dialog from context menu in library</summary>
		<description lang="en">Open ExtendedInfo dialog from context menu in library. Needs ExtendedInfo installed and activated. Available for movies, tv shows and seasons currently.</description>
	</extension>
</addon>