<?xml version="1.0" encoding="UTF-8"?>
<addon id="visualization.spectrum" version="2.0.0.0" name="Spectrum" provider-name="vitorp07, Team XBMC">
  <extension point="xbmc.player.musicviz" library_linux="visualization.spectrum.so"/>
  <extension point="xbmc.addon.metadata">
    <summary lang="en">Visualisation showing a rotating 3D Spectrum Analyzer</summary>
    <description lang="en">Spectrum is a Visualisation showing a rotating 3D Spectrum Analyzer rendered in  that moves to the beat of the music creating a wave effect across the spectrum grid.
It also has settings to adjust the spectrum bar height, Its speed, and how the bars are rendered (solid, points, wire frame) and is a nice light weight, low cpu useage visualisation that looks great</description>
    <platform>linux</platform>
  </extension>
</addon>