<?xml version="1.0" encoding="UTF-8"?>
<addon id="visualization.spectrum" version="2.0.0.0" name="Spectrum" provider-name="vitorp07, Team XBMC">
	<extension point="xbmc.player.musicviz" library_linux="visualization.spectrum.so"/>
	<extension point="xbmc.addon.metadata">
		<platform>linux</platform>
		<summary>Visualisation showing a rotating 3D Spectrum Analyzer</summary>
		<description>Spectrum is a Visualisation showing a rotating 3D Spectrum Analyzer rendered in that moves to the beat of the music</description>
	</extension>
</addon>