<?xml version="1.0" encoding="UTF-8" standalone="yes"?>
<addon id="service.3denabler.samsungtv" name="3D Enabler" version="1.0" provider-name="vitorp07, Pavel Kuzub">
        <requires>
                <import addon="xbmc.python"              version="2.14.0"/>
                <import addon="script.module.simplejson" version="2.0.10"/>
        </requires>
        <extension point="xbmc.service"       library="service.py" start="login"/>
        <extension point="xbmc.python.script" library="script.py"/>
        <extension point="xbmc.addon.metadata">
                <platform>all</platform>
                <summary lang="en">Switch compatible Samsung TV into 3D mode when playing 3D movie</summary>
                <description lang="en">When a 3D movie is started - the compatible Samsung 3DTV that is connected to the same network will switch to respective 3D mode automatically</description>
                <license>GNU GENERAL PUBLIC LICENSE. Version 3, 29 June 2007</license>
        </extension>
</addon>