<?xml version="1.0" encoding="UTF-8"?>
<addon id="visualization.fishbmc" version="5.0.0.0" name="FishBMC" provider-name="vitorp07, 26elf">
  <extension point="xbmc.player.musicviz" library_linux="visualization.fishbmc.so"/>
  <extension point="xbmc.addon.metadata">
    <summary lang="en">Visualisation showing Waves and Blur Effects</summary>
    <summary lang="en_AU">Visualisation showing Waves and Blur Effects</summary>
    <summary lang="en_NZ">Visualisation showing Waves and Blur Effects</summary>
    <description lang="en">fishBMC is based on fische, a standalone sound visualisation tool. The basic principle is: draw the waveform and smear the drawing along predefined vectors. However fische also incorporates advanced beat detection, which really guarantees a great visual experience.</description>
    <description lang="en_AU">fishBMC is based on fische, a standalone sound visualisation tool. The basic principle is: draw the waveform and smear the drawing along predefined vectors. However fische also incorporates advanced beat detection, which really guarantees a great visual experience.</description>
    <description lang="en_NZ">fishBMC is based on fische, a standalone sound visualisation tool. The basic principle is: draw the waveform and smear the drawing along predefined vectors. However fische also incorporates advanced beat detection, which really guarantees a great visual experience.</description>
    <disclaimer lang="en">If this breaks anything, the pieces remain yours.</disclaimer>
    <disclaimer lang="en_AU">If this breaks anything, the pieces remain yours.</disclaimer>
    <disclaimer lang="en_NZ">If this breaks anything, the pieces remain yours.</disclaimer>
    <platform>linux</platform>
  </extension>
</addon>