<?xml version="1.0" encoding="UTF-8"?>
<addon id="visualization.fishbmc" version="5.0.0.0" name="FishBMC" provider-name="vitorp07, 26elf">
	<extension point="xbmc.player.musicviz" library_linux="visualization.fishbmc.so"/>
	<extension point="xbmc.addon.metadata">
		<platform>linux</platform>
		<summary>Visualisation showing Waves and Blur Effects</summary>
		<description>fishBMC is based on fische, a standalone sound visualisation tool</description>
		<disclaimer>If this breaks anything, the pieces remain yours</disclaimer>
	</extension>
</addon>