<?xml version="1.0" encoding="UTF-8" standalone="yes"?>
<addon id="repository.vitorp07" name="vitorp07's Repository" version="1.1" provider-name="vitorp07">
	<extension point="xbmc.addon.repository" name="vitorp07's Repository">
		<info compressed="false">https://raw.githubusercontent.com/vitorp07/repository.vitorp07/master/addons.xml</info>
		<checksum>https://raw.githubusercontent.com/vitorp07/repository.vitorp07/master/addons.xml.md5</checksum>
		<datadir zip="true">https://raw.githubusercontent.com/vitorp07/repository.vitorp07/master/zip</datadir>
	</extension>
	<extension point="xbmc.addon.metadata">
		<summary>vitorp07's Repository</summary>
		<description>Unofficial add-ons repository</description>
		<platform>all</platform>
	</extension>
</addon>