<?xml version="1.0" encoding="UTF-8" standalone="yes"?>
<addon id="script.extendedinfo" name="ExtendedInfo Mod" version="6.0.4" provider-name="vitorp07, OpenELEQ, phil65">
	<requires>
		<import addon="xbmc.python" version="2.19.0"/>
		<import addon="plugin.video.metallic" version="1.3"/>
		<import addon="context.extendedinfo.dialog" version="1.1"/>
		<import addon="plugin.video.youtube" version="5.3.10"/>
		<import addon="script.module.pil" version="1.1.7"/>
		<import addon="script.module.requests" version="1.1.0"/>
		<import addon="script.module.simplejson" version="2.0.10"/>
		<import addon="script.module.urlresolver" version="1.0.0"/>
		<import addon="script.module.youtube.dl" version="14.519.1"/>
	</requires>
	<extension point="xbmc.python.script" library="default.py">
		<provides>executable</provides>
	</extension>
	<extension point="xbmc.python.library" library="default.py" />
	<extension point="xbmc.python.pluginsource" library="plugin.py">
		<provides>video</provides>
	</extension>
	<extension point="xbmc.addon.metadata">
		<summary lang="en">Extended Info Mod</summary>
		<description lang="en">This script offers various possibilities to display online content inside skins as well as a complete MovieDB browser including info dialogs for various media types. Used services are themoviedb.org, theaudiodb.org, Trakt.TV, omdbapi.com and a lot more. Needs skin implementation for lot of functions. Uses Metallic for library functions.</description>
		<platform>all</platform>
	</extension>
</addon>