<?xml version="1.0" encoding="UTF-8" standalone="yes"?>
<addon id="repository.q" name="vitorp07's Repository" version="1.0" provider-name="vitorp07">
	<extension point="xbmc.addon.repository"
		name="vitorp07's Add-on Repository">
		<dir minversion="1.0.1">
			<info compressed="false">https://github.com/vitorp07/repository.vitorp07/raw/master/vitorp07-addons.xml</info>
			<checksum>https://github.com/vitorp07/repository.vitorp07/raw/master/vitorp07-addons.xml.md5</checksum>
			<datadir zip="true">https://raw.github.com/vitorp07/repository.vitorp07/master/zip/</datadir>
		</dir>
	</extension>
	<extension point="xbmc.addon.metadata">
		<summary lang="en">vitorp07's Add-on Repository</summary>
		<description lang="en">This is my repo.</description>
		<platform>all</platform>
		<source>https://github.com/vitorp07/repository.vitorp07/tree/master/zip/repository.vitorp07-1.0.zip</source>
	</extension>
</addon>