<?xml version="1.0" encoding="UTF-8" standalone="yes"?>
<addon id="script.chrome.launcher" name="Chrome Launcher" version="1.2" provider-name="vitorp07">
	<requires>
		<import addon="xbmc.python" version="2.25.0"/>
	</requires>
	<extension point="xbmc.python.script" library="default.py">
		<provides>executable</provides>
	</extension>
	<extension point="xbmc.addon.metadata">
		<platform>windx</platform>
		<summary>Launches Google Chrome from within Kodi.</summary>
		<description>This addon will close Kodi, launch Google Chrome and restart Kodi when Chrome is closed.</description>
		<assets>
			<icon>resources/icon.png</icon>
			<fanart>resources/fanart.jpg</fanart>
			<screenshot>resources/screenshot-01.jpg</screenshot>
			<screenshot>resources/screenshot-02.jpg</screenshot>
			<screenshot>resources/screenshot-03.jpg</screenshot>
		</assets>		
	</extension>
</addon>