<?xml version="1.0" encoding="UTF-8" standalone="yes"?>
<addon id="script.openinfo" name="OpenInfo" version="1.1" provider-name="vitorp07">
	<requires>
		<import addon="xbmc.python" version="2.25.0"/>
		<import addon="script.module.pil" version="1.1.7"/>
		<import addon="resource.images.studios.white" version="0.0.10"/>
		<import addon="script.module.youtube.dl" version="18.320.0"/>
		<import addon="plugin.video.youtube" version="5.5.1"/>
		<import addon="script.meta" version="1.0"/>
	</requires>
	<extension point="xbmc.python.script" library="default.py">
		<provides>executable</provides>
	</extension>
	<extension point="xbmc.python.pluginsource" library="plugin.py">
		<provides>video</provides>
	</extension>
	<extension point="kodi.context.item">
		<menu id="kodi.core.main">
			<item library="context.py">
				<label>OpenInfo</label>
				<visible>String.IsEqual(ListItem.dbtype,movie) | String.IsEqual(ListItem.dbtype,tvshow) | String.IsEqual(ListItem.dbtype,season) | String.IsEqual(ListItem.dbtype,episode) | String.IsEqual(ListItem.dbtype,actor) | String.IsEqual(ListItem.dbtype,director)</visible>
			</item>
		</menu>
	</extension>
	<extension point="xbmc.addon.metadata">
		<platform>all</platform>
		<summary>Fork of the ExtendedInfo script from phil65</summary>
		<description>This script offers various possibilities to display online content inside skins as well as a complete MovieDB browser including info dialogs for various media types. Needs skin implementation for lot of functions and Meta for library functions.</description>
	</extension>
</addon>