﻿<?xml version="1.0" encoding="UTF-8" standalone="yes"?>
<addon id="script.meta" name="Meta" version="1.0" provider-name="vitorp07">
	<requires>
		<import addon="xbmc.python" version="2.25.0"/>
		<import addon="script.module.futures" version="2.2.0"/>
		<import addon="script.module.requests" version="2.9.1"/>
		<import addon="script.module.requests-cache" version="0.4.13"/>
	</requires>
	<extension point="xbmc.service" library="service.py" start="startup"/>
	<extension point="xbmc.python.pluginsource" library="default.py">
		<provides>executable</provides>
	</extension>
	<extension point="kodi.context.item">
		<menu id="kodi.core.main">
			<item library="context.py">
				<label>Meta</label>
				<visible>String.IsEqual(ListItem.dbtype,movie) | String.IsEqual(ListItem.dbtype,episode)</visible>
			</item>
		</menu>
	</extension>
	<extension point="xbmc.addon.metadata">
		<platform>all</platform>
		<summary lang="en">TMDb, TVDb, Trakt, AudioDb and LastFM browser</summary>
		<description lang="en">Browse The MovieDb, The TVDb, Trakt, The AudioDb and LastFM and pass info along to library or an addon. Needs player-files and the appropriate addon to play the files.</description>
	</extension>
</addon>